Patient_ID,Viral_Load,CD4_Count,Adherence_Level,Strain_Type,Sequence_Data,Treatment_Response
P_1N,40497.50830747351,546.5683798654991,0.3745401188473625,HIV-1,CCGACCATTGTACTGTAGTGACAAAACCGTCCTCAATGGTTAGCATGCCAGGTGGAGCAATGTCAAACATTTGAATATGGCGTGCATACCCAAAACCTTA,Non-Responder
P_2N,21592.18972745388,464.7513611198282,0.9507143064099162,HIV-2,CAAATGAATACCGATCTTCTCTCAGACGCCTGACGTAGAAACGTTGTAACAGAAGTTGCAGACAGATCCCGCTGTAAAATGGCTATCCTTTGATTTCCGA,Responder
P_3N,14599.10111326333,1001.9882120462056,0.7319939418114051,HIV-2,TTAATTTGCATTACACTCGTGAAACTAATAGTTTGTGTCACAGCTAACGCGGACCGCTTCCGTTAGATGCGCCGCATCACTATTAAAGAAAACGTACCCT,Responder
P_4N,25381.461650318637,686.6496528833059,0.5986584841970366,HIV-2,AGAGGGCATTACCGAATACATGTTGTTAAGAATCACAAGGGCTGAACGTCGCTGCTATACGGCGGACTACATTCTATAATCGTAATCCAACGTAACTCTT,Non-Responder
P_5N,241682.18965225635,110.57334671272224,0.15601864044243652,HIV-1,CTAAAGGGGTGCGAGTATTATTGCTTTGCAGGCCGGGCACTTCCGCCTCTTTTAGACAACCCAACCGTCTGTCGCATGGGAACGACGTCAACCATGTCTA,Non-Responder
P_6N,48335.29245948838,552.8903149875058,0.15599452033620265,HIV-1,CACCTATACCGATGGGTGTGTCCCCCGGGTTTACCCAGTTCTTGCTAAACTCCTGAGACACGCCTTTCTCGGACCATCCAATCCACGATACTAGGAGGGT,Non-Responder
P_7N,77065.63614430091,373.45106826314236,0.05808361216819946,HIV-1,AAACTGTGATGCCTTACAACCGCGTCGTGCGTAGGTTGCGTAACGAGTATTCTACCTCTTTGATGCGAGCGATGAACCGTAGAATTGTTGTCGAAAGAAA,Non-Responder
P_8N,15599.305441456907,757.1042815367383,0.8661761457749352,HIV-2,TAGGATCCACTTATTATACTGTAATGGGATCAGTGCGGCTATCGTACTACACGTACAATGACCGCGCTATAAATATGCCATCTTACAACCGGTCGTTTGC,Responder
P_9N,43267.59607981459,401.60735348778076,0.6011150117432088,HIV-1,CCTGAGTGCATTTACTGTTTTGGCGTACACTCTCTTGTGTATAATAGCTATGTTAGCCATAAATGAAGACGAGGGGGGACTGTAGCTGACTTGCCCCACT,Non-Responder
P_10N,27617.414501870233,547.8599694862247,0.7080725777960455,HIV-2,GGACAGAGACCAACGCGAAGAGTCTGCGCCCCGCCTAATTGGGTTCGGGACGGGAATCTCAGTGTAAAGCTCTTAGGCGTTAAGCGGGGTCTCAGTCAAG,Responder
P_11N,49029.825201236534,603.0559052256717,0.020584494295802447,HIV-1,TGTCTATGTGCATTTGAAAGACCGATCGAGTCGAGTGTTTCCGGCACACTGAGTTTACGGCGAGTCACATCGACGCCCAGTAAATGGGCCCTCTGCCATG,Non-Responder
P_12N,12506.645272963304,770.1420240502238,0.9699098521619943,HIV-2,ATAGCTACTCAAGGATGTCACTAATTTTTATAATTGATTTGGCTCTGGCGTGCTCGCCAGGCAGTCGTGTCGGACTGGTCAAGTGTACTAGTCGGATGCT,Responder
P_13N,36478.00799975414,343.18498266888696,0.8324426408004217,HIV-2,TAACGTACCTTCACGGTCAGCTCCCAGAGTTCGGGCCTAGGAGCCGCCGTACTCCACAAATGTGGACACGACTCATCCCCCTGTTTGAGTCCTCTCGAAG,Responder
P_14N,56216.126396036045,454.3336638996379,0.21233911067827616,HIV-1,CAAGCTTTATAAGTTCGCGTACAAACGTCGAGGAAATATATGCGGATCAAAGTTCTTAAGAAAAGACCCCCCAGCTCCACTAAGTCGGGAAAGAGAATCG,Non-Responder
P_15N,61866.923148972426,423.1934344885188,0.18182496720710062,HIV-1,CCCTCAATGAGTGGGGTACGAATATGGCCCAGTCTTCGCTCTTCACATTGTAATGACCTTTGAAAACCTGTAGGTGAAAAATAAACCCCTTGACTAATCG,Non-Responder
P_16N,67449.62138746656,387.674604470601,0.18340450985343382,HIV-1,CCAGAAACAAGGAGGACAGCTCGCATTTGGTCTCCGCTGAAGTAACCTGTGACTTGGTGTTTAGCCGTCCTCTGTCCTACACAAATAAACACAATCACCG,Non-Responder
P_17N,26723.837132727822,883.5150723521731,0.3042422429595377,HIV-2,CTGAATCTGTAGACAATAGGCGTCGTGGAGGTTAGAGCCAAATTTAGCATTAATGTTAGTTCACCTAGGGGACAGTGTTAGCGGCAGGTGCTATCCTATA,Non-Responder
P_18N,29962.04311241017,633.471985355415,0.5247564316322378,HIV-2,AGGCGGGGCTTAGCAATCCCTTTTTGGCACATACCAGTTCGATGTGGCTACCACGGTTATGAATGCGGGTCCAGTGGTCGGCTACAACGAATGATGCCTC,Non-Responder
P_19N,71917.11644215618,291.0177109972025,0.43194501864211576,HIV-1,CGGGTCCGCAAACTTTTAAGCCTATGCGTGCGGTAGAGAGCCCTTGCTCTAACGTTAAGGGCACAATAACACGAACGTGCGCCTACCTCATAATCAATAT,Non-Responder
P_20N,33512.48133791237,712.6953034307594,0.2912291401980419,HIV-2,CTAAGTTATATTTAGTAATTGAACAGCCTTTACGTGGTTTTCCCCACTGCATGGCGCCTTATTCTCCTAAGGTACGCGTAGACTATACCTCGACGTGTTA,Non-Responder
P_21N,17401.38147887057,985.6165288747646,0.6118528947223795,HIV-2,TGGTGCACGTTCTGCTAAGTGCACTGGGCACCTTTAATTAGAAATGATCCACGCCGAAGGTCGCCAAACTGGAACTGCGAGTTATTCGAAAAATCACCTA,Non-Responder
P_22N,37575.00598502389,720.4424381754336,0.13949386065204183,HIV-2,ACCTAACCCATTAGTCGGTGGTTGCAGGCGGAAAATAATCGGACTACCCTTGGCCTGCGGCTCCGCTCTTGAAGCGTAGTGAGGATTAGATCGTGACACG,Non-Responder
P_23N,105906.24136298327,225.3404716627191,0.29214464853521815,HIV-1,TTGCGACACCGATCACCCCGAAACGCCACTCTCGGACTTCTCTAGGGTCGCTCCGAAATCAGAACCCTTACAGGCCGCTTCGACCACAGTGTATGTATCG,Non-Responder
P_24N,50720.6468023597,439.78936975611884,0.3663618432936917,HIV-1,TGGTTCGTTGGGGCAGCATAGGGGGCGCTGGATGGTAGAGTAGGATCGCTGTCGCGCTTCCCGTGTAGTTGGTGCGGGTCAACCCTACTAGTATAAGTCG,Non-Responder
P_25N,25560.45764965103,798.9892282590281,0.45606998421703593,HIV-2,CTCCACAAGAAGCTTTCATCAGTATTTACATAGCAGCGCAGTGCACGGTAAGATCAGCCTGAGCGAATAAGGCTAACGTTCCCCCAAGTAAAGCGATTTA,Non-Responder
P_26N,30919.470720550107,436.98370301554525,0.7851759613930136,HIV-2,GTACTTTGCTAAGATATACGGCCGCTAGCTGCGCGTTAGAGCCAGATAACAGCATAAACGTAGGCTCGCGCTACGCGAATGGTACCTAGCTCCGAGACTG,Responder
P_27N,42394.48851643363,608.7312638450817,0.19967378215835974,HIV-1,CGCCTAAGCTTTTTAAACGTCTACATTGTATGTACTGTTCGTGAATGTGGCCCTCCAGGCGAACAGTGTCTAGTGCCACTCAGGCTATACACCTCACACG,Non-Responder
P_28N,27183.506582248974,706.3502545272286,0.5142344384136116,HIV-2,TTAGTGGCGACCCTTGGCAGAGGTTAGCTCATTGAGTATATCCACTTCGCAAACCCAGTCGTTTGGAGGGTCACCGACCAGCTCTGCAACGGACGATCTT,Non-Responder
P_29N,46968.1481446765,373.85536257058766,0.5924145688620425,HIV-1,GCTCCTTGGAACTACTGCGAATCGTAACGCGGCTCCAACCAGCTTTTGGACGCAAATCACTTGACCAGCAGGCGACCTGCATTGCGTCACTACAATAGTG,Non-Responder
P_30N,58904.377758043476,492.73997005963975,0.046450412719997725,HIV-1,GTTGAACTGACTTCCAGTGTTGCATCTATAATTACGATTCGAAGAGTGAGCTTGACATAACGAGCGTGCCCGTATGGAGCCCCCGAACGTTGCAGTTTCT,Non-Responder
P_31N,1000000.0,0.0,0.6075448519014384,HIV-1,CTAGTAAACCATTATGTAGTTCGTGGAATGAAGTTGTAGACCTCACATTACTGTCGCAGCGCGCAGGGGAGTATGCTGTGGGCTAAAAGTTCTTTCATCC,Non-Responder
P_32N,84628.82425206777,312.17488410187116,0.17052412368729153,HIV-1,GAATTACTTGCCACAGCTGAGAGACTAGAAAGTCTAGTACCCAGTTAATCATGCGCTTAAATATTTAGCCCTTTAGTGGGAACCGCGAAATGAGCCAGAC,Non-Responder
P_33N,62794.84316047409,455.9915290198959,0.06505159298527952,HIV-1,CCTTGCCTATCTGATGCTCGCGGGTCCAAAACGGTGCCCTAGCCACGTCGCACCTATTTGAACCACTAGGCGCTCGTCGCACCACGGCTTTTTCCTCCTG,Non-Responder
P_34N,29170.207594755546,345.33191733236345,0.9488855372533332,HIV-2,TTGCCGTTCGTTTAGTAGTCAATTCCCGTCGCTGGGCTGATAAGGCCCTCACGCTTATCGTACATTACCGTCTATTCACTGTCGCCAGTCTAAGAATAAC,Non-Responder
P_35N,10532.230191910145,923.045464093783,0.9656320330745594,HIV-2,TCGGGGAGCTCGAGTCTTTCGTCACACGTGCGACTAAGCATAAGGTGAAGTATGAGTGAGAAATGTGTCAATCAGTAATTGGAATAATAACGTCGGGCCG,Responder
P_36N,44176.219350607986,294.8114592195196,0.8083973481164611,HIV-1,GCTGATTAGGTTGGCATACGCAGCTGCACAGCCACCGCTACAAACCATATAGAACTGTGACCTCTTGTGCTTAATAACTCCAGCGTATTATAGTACTGAT,Responder
P_37N,53346.092375557375,442.4524795779403,0.3046137691733707,HIV-1,GTCTATCTCCTGGGGTAAGTGAATTTACACTGCTTCGTCGGTAATGTCGCTTGGTCGTGAGCAAACTGAAATTCTGCCGGGCCCGGATAGCGTAACAAGA,Non-Responder
P_38N,52151.681814614254,535.9153268578567,0.09767211400638387,HIV-1,ACACCGGGTGTGCTATTATCGAGTAGGCGCTCTAGCCGGAACATAACTATTTGGGGCAGCAGAGCTTACTGTAACATTTGCGTCAGAGAATATAAAAATA,Non-Responder
P_39N,18246.187207583196,856.6779604644387,0.6842330265121569,HIV-2,GCCCAACGGACGGGACTCCAGGAAAAATCCCGTCGTTGTGCGTCCAATGGTCTTCGTGTCCACATGCCCTATGTGGGGAGGTCTTCAGGATCGCGAACAC,Non-Responder
P_40N,80815.17599411661,256.8428191380723,0.4401524937396013,HIV-1,GTAAGTGGACCGATCTCAGTTGTCGCCACATTATGGATTGAGTCAACTACCTTTTGTGACGTAGAAGATTCACTTTAATCCGTCTCCGTCAGTTCTGTTA,Non-Responder
P_41N,36836.533045131386,744.8365739154698,0.12203823484477883,HIV-2,CTTACGGAACGTAGCTCAGGGGTTCTGAGACTTTATGGGATATCCAGAGTGGTCTAAAAACCGATACACGGGCAATCTGACTTTAAACACTTGATACTAT,Non-Responder
P_42N,35537.62412362128,551.5643032150444,0.4951769101112702,HIV-2,GGCCCATTAAGGCCACTATTGGTTCACTCTCCGTCACCATGGGACTCGGAATTGTCAAATAAAGGTATAAATTACTGTACAGTTAAGCGCTCCTTTGTAT,Non-Responder
P_43N,95324.98343176105,307.13712190193166,0.034388521115218396,HIV-1,TACACGGACACCGGCCCGGTCTCGTTACGCACACACGCCTGGGATGAATTATCAGACCACTTATTGACATGAATTATTTATGTCAGGTACAATTTTTTTC,Non-Responder
P_44N,15957.017506309772,683.3527350605324,0.9093204020787821,HIV-2,CACCATGCACTTACGGCCCATGACCTCAATAGAAAGCATGTATAGTTAACAACAACGGAACCGTATTCAACTCGAGCAGGTAGGTGGGTGGAATCATAGT,Responder
P_45N,43425.9455007253,565.6899372746957,0.2587799816000169,HIV-1,TCGTCACAATATCCAGATTTCTCTCGCCATGATGGGTGGACTCACTGTTTATAGCGGGTTTCTAGCCCCCAGCGTCCGGCCAACATCTGTGCCGTTTCCT,Non-Responder
P_46N,36052.69577301545,446.20885300363926,0.662522284353982,HIV-2,CTTTGGGTTAAGGCGAAATTGCCCTAATACGGCTCGCTATTGTTGGACTGACGCCTTCCGGCGCCCCACTTTCTAGCTAGATAGTGACCCCGCGTCGCCC,Non-Responder
P_47N,43024.602950697845,545.1315246069448,0.31171107608941095,HIV-1,TTTGATTCGGAGTGATGGCAGCTCCGGGCTACGATAGCCGCGCCTTTGTGAATGACCGAGGATACATGGCCCGCAGTGAACGGGTCAACAACAGTCTAAG,Non-Responder
P_48N,40170.142651281596,474.94408274542906,0.5200680211778108,HIV-1,GGTACTCGGTAGCCTCAGCCGTCTTCATCTGAAGGTGAGCCTACGCCTGGGTGGCCGAACATCTAAAGAAGGCACCTATTCACTGCAGCCGGGAACCCAT,Non-Responder
P_49N,32074.648656131747,577.3744969845776,0.5467102793432796,HIV-2,GTTTTACAGATACAGTGCCCCATCGCTGGGACAGAAACCGCAATTTCGTGGGCCCCTAAATATTTAGAACTGCGGTATTCTAGTGTGTCGTTCCCGGCAA,Non-Responder
P_50N,40125.352226236624,650.9115804567621,0.18485445552552704,HIV-1,CGCATTTAAAGACGGGAGAAGTTGTCCATGGTCCTAGACACCTTAAGTTTGAAATTCGGTCATGGGAGAAATACGTGATCAGCACATATAAGCCCAAATT,Non-Responder
P_51N,10543.781793056412,914.1618260055263,0.9695846277645586,HIV-2,CTTTTTTTTGTGGAAGGTACAGGTTATCCTCCACGGATATTTTTAACCTCGAATTGTCGCACACATCACGTATCGCTGTACCTTAGCCAATTGAGACAAC,Responder
P_52N,41588.73500994211,329.9501825707417,0.7751328233611146,HIV-1,TTTATAATAGGCGAAGTTATCCGGTAGCGGGAGGGTGCAACTCACTATCTCTCGTCTTAGTCCCGCTGTTGATGCACTAGTGACTTGAGATACACACAAG,Responder
P_53N,10063.648148709068,1020.5565690876722,0.9394989415641891,HIV-2,GTAGTCCCGTTCTCCAGGCGTCATTAGGCGAATACCGGGCAGTGCGAGCCTCTACGAGGGAACGTCATATCTCATGGATGCTTGCCCTATTGACGTACCT,Responder
P_54N,56306.31090161406,199.06517513826452,0.8948273504276488,HIV-1,GCCATTAAGCCCGAACCGTACGCTCTTTAACTACCCCCGTCGTACGAGTTAGCCAAAGCCCACTACGTTTGGAATGATGTCGAACGTAACGGACTCTTAC,Responder
P_55N,32948.64721511618,529.4329788739918,0.5978999788110851,HIV-2,GCCGTGAGTGTTAGGATGATAGACTCCTTATCCGTCGGACACAATATGCGCGCACCGGGTTCCAACTCACTACGCCATACGGGATAACTAATTCTCGGAG,Non-Responder
P_56N,14989.967036983364,709.850864799227,0.9218742350231168,HIV-2,CACAAAGAATTGATTCATGCCAACGAACCATATCTGCAACCGCAGATCTATTAACTGGAATAGCCTCAAAATCGCAGTAAGTGGACAGCTGTAGCCAGAA,Responder
P_57N,49804.04531220754,565.0476237521985,0.0884925020519195,HIV-1,GACAAAACAGTGTGTTCAGCACCAGCGGGATGTTCGGGTATGGGTGCGACCCGAGCAGAAACAGAAGGTACAAGTACACGTATACTAGCTATACGCTTAC,Non-Responder
P_58N,65520.340917603105,395.0583822777958,0.1959828624191452,HIV-1,GTTCAAAAACCCCCGCCGCATCTCCAGTGAATGGCCCGCCAACCATGGAGAAAATCCTGGCGCCTGTCCCAAATCGTTTGCACCTTTAAACTGCAGCTGA,Non-Responder
P_59N,62757.258477947784,462.8982788195988,0.045227288910538066,HIV-1,GTCCAACGTTCAGCTAGCGAATACGAACGGTTGCCTACACGTAAGCACGTACACCCGTATCCTTACTGCCAGAGAGGATCGTTACCACATTGATTATCTA,Non-Responder
P_60N,53390.89506548501,433.9328461445599,0.32533033076326434,HIV-1,TGCGTGCCAGCATCACGAGTGACAGGCTACCCAAATCGGCGTTAAAAAGGATGTTCCATGCGTCCGTCTCGTCGCTCTTCGAGGCGGAGACATTATCTAC,Non-Responder
P_61N,51871.84753702945,420.9947775801059,0.388677289689482,HIV-1,AGTTTCAGATACCCAGGCTACAAGCGCAGACTGGAATGCCGGGTCCAAGATCCAGAGTATCTATTACCATTTGCTCTAACCAGATGAGGGCACCTTGGTT,Non-Responder
P_62N,34863.33085119442,697.0553225815945,0.2713490317738959,HIV-2,CTCTCCCTCACAGGTTGCCCGATAGACCAGACCGACCAATGGAGCAAAGGACGTATATTTATGGGAAGGGCGTCCATAATATTAGACATCTGGCGGAAGG,Non-Responder
P_63N,19252.57227767031,654.2768481082023,0.8287375091519293,HIV-2,GTCAGTTTAACTATGTCAGCGTTCCGCCCCTCTTATTCTGCCCACTGCCGCATGGATATACAGGGAGCCCTTTATAATTACGGGCATAATCGGACGCTAA,Responder
P_64N,56682.330574062435,397.09341361722807,0.3567533266935893,HIV-1,CCGTGCGGGCGACGAGTGGTCTCTGGCCAAGCAACTCCGAGGGGTTCGGCCGCCTCAAAGATAGTATTGGTAGTCCGACCCAAGGCATCGAGGACACGAG,Non-Responder
P_65N,34039.43260064622,708.0134260553882,0.28093450968738076,HIV-2,GTGGCTCGAGGCAACTAACTTGGCTCGCCAAAGCAAAGGTCCATGAACCAGGATTGCTTCTATCATGAAGGTTCCAGGCAACCCTAAACCCCGCTGGCAC,Non-Responder
P_66N,30213.56273538094,615.7295124911467,0.5426960831582485,HIV-2,CTCCAGCGTTCTACCCTTCGTTCGCTCCCGCTCGAGCATGAACCGCATTGCGTTCACTAGTGAGTCGTTATCCGGGGCAGATTGTAATGAACGCTTCGCT,Non-Responder
P_67N,39961.57244576208,676.6648462652684,0.14092422497476265,HIV-2,TGGTAAACCGCATCCACGTAGAGTTGGGGGGTGCTATAACGGTGCTTTGGGTAAAGTGGACGCCTTGAAGGACGCGGCTAGTTGGGCTTTGCGAATGAAG,Non-Responder
P_68N,18627.696457650374,706.1454664601264,0.8021969807540397,HIV-2,CGGTCGCTTAGGATTTTCGGTTTGGTCAAAGGAACGGACCAAGATCATCTTACTGCGAGGTTCTGTTGGGAGGATGCGGACTTCGACCTACAGAGAGTAC,Responder
P_69N,83225.32403200197,341.6560621835626,0.07455064367977082,HIV-1,TATGTATAGTAGTGATTTGGACTTATGGTTGTGCCTTTGCAAATGTCTTCGCCAGGCGGGGCTTTAGCCATTACAACTCGGCTGGCCCAAAATGATCACT,Non-Responder
P_70N,19059.543730799363,486.65248562065784,0.9868869366005173,HIV-2,CAAAGATATTTCTGAGCATACCGAAAGCTAGGTCAAGCGTCCGGAGCAACATTAGTATGCAAAAAAGCGGCGTGATTCGGTGGCTATCCCGTGGTCAATT,Responder
P_71N,18966.80683352835,726.6831979543181,0.7722447692966574,HIV-2,GACGTTAGTAGTAGTAGATGGGTCGTAATCTAAGATAAATTCGGGAGACACCGGATGGTTGTACCGGATGCAATGGACGCAGCACGTCTGTATCCTAGTC,Responder
P_72N,40232.33406887308,641.9456212401102,0.1987156815341724,HIV-1,CTAGGCGCTCCCGCACTAATTAAGACTGATAGAATCAGAACCGTTAACAGCTCGAATAAGCACGTGTATGCCAACTAGATAGGGTTGGTTTATGCTGACG,Non-Responder
P_73N,60204.93095335074,496.37189291953064,0.005522117123602399,HIV-1,GTAGTATTGTAGCCGCTATAAGGGTAAATCTTGAATCGACCATCACGCACCGCCGGTTGCACCTTTGGCCATCTTTTTAAATGTTATATCGGACGATTCG,Non-Responder
P_74N,21281.095415878062,605.0116195072399,0.8154614284548342,HIV-2,ATCGTCGGAGTTGCTTACGCAACAAACAGGTGTCAGTCTAGCTCTTAATGCCAGTATTAGCAGTAACTACACTTAGGTTGTCCGTCCAAGATGGACTTTG,Responder
P_75N,18343.805981128273,826.2187135424467,0.7068573438476171,HIV-2,AGAAAACCAGCACTCCGCGTAGCCGTACTAACGCCCTGTCGAGCGAAGATGAAGTGAGACGGAAAAGAGTGAATGTGAGAACCGGTATGGTTAGATCCCT,Responder
P_76N,32316.954949783954,454.58643903693275,0.7290071680409873,HIV-2,GCGATCGCCGCGAGTGTCGTGGGACAATGAAAGACTCGATAGTCTATGGTGGGCAGTGCTATTTTGAGCCTGGAAAGAAATCCGGTCAAGCGGAACGTCG,Responder
P_77N,20105.444424221052,686.5465109026021,0.7712703466859457,HIV-2,GGTAGTCCCCTATACGGGACTGAGTCTCCCGTGTAATTTTCGCGGGCTCCGAACGCCTGAAACGTAGATGCCAAGTAGTAAGACTTGGCCTGACCGCGAG,Responder
P_78N,60914.641091909434,466.96593468663025,0.07404465173409036,HIV-1,TAGCTGCCCATGTTGTAGGCTGGACGAGGGATGGTGCGCTATGCAGAAGTGGTAGCGGCTCCATGGGGGAGGTGCAAACGACTGCGTCGCAGCATGGAAT,Non-Responder
P_79N,45646.451496839465,492.3103322089832,0.3584657285442726,HIV-1,GTACGCGCTCCAGTACAAGTTAAGAGGTGATCGTTTCCCAGCCGAAACTGCGCAATCGTTGCTCATAACGTCGATAATGGTTCCATGAAAAGATCGTTTC,Non-Responder
P_80N,37693.362795263114,731.342276349951,0.11586905952512971,HIV-2,AATTTAGTGTGGAGCATAACGCCCCTTAGTCGTACGTGTACACGGTAAAGGGCACAATAGGGTTCAAGGGGGGATGAGCCATCCTCGTCTGCACCGAAAG,Non-Responder
P_81N,15803.738361466778,751.3936123851653,0.8631034258755935,HIV-2,CACCACCATACGTGTGTATTTCGAGGACTCCTGTATGCCTAGCTAACCGAGAATCAGCGCCATACATCCAAAGAGTGATGGCTCTGCAGTTCCTGCATAT,Responder
P_82N,23324.1365948378,725.0317398828835,0.6232981268275579,HIV-2,TAATCGTCACTTCTGCACCCCAAACGGAGGGGGTACGTCTGGGGCCTAGATTGGTGTCGCAGATGGGAATCCAGCCATAAGAGTGTTTAGCATCACGCCT,Non-Responder
P_83N,29024.88099182908,794.1855639161308,0.3308980248526492,HIV-2,CAGATGCCTAACAGGCGCAAATCGATCGGAGCTGGCGAAAGTTGTTGAGAATTAAACAAATGAAAGGAACGCAAAATTTCGAGTAACGCTGTCCAGGAGT,Non-Responder
P_84N,56145.14523094577,510.5566033551542,0.06355835028602363,HIV-1,TTGGCCTTTCTCTAATACGAGACAATGGCCGTTTAGAGATGCATTTAGTGGTTTGCACGTTAACCAGCTTGACTACGTGTGCTCCGGATATTAATTTGTG,Non-Responder
P_85N,35160.6953025343,667.488826430559,0.3109823217156622,HIV-2,CGTTCATCCAGGGTGTTCGGGTTGTTAAGGATTCGGGCCTAAATAGCGACGAACGGCCCACCTCCAGATCCCCCCTCCCTCTACGTATTACCTACTGATG,Non-Responder
P_86N,49251.59401641482,470.46498088398346,0.32518332202674705,HIV-1,AACTGAGCTCGCGAACAGATTCCCCGGAGATCCGTGGGTCACTCCACCCGTTAGGCTAACAGAGAGGAGGGAAGGACGCAGCACTATAAGTTTATTGCCT,Non-Responder
P_87N,23014.12811166919,637.7938883314948,0.7296061783380641,HIV-2,CTCGAACGGTAGGTTCAGCACAAGATGTTCAATTTCTGGCTTAGCTACCGTCAACACACCCACGCTTGCTCTAAGGCGCAATCAACTTTTACCAAAGCCC,Responder
P_88N,30891.677174810447,537.7271362619844,0.6375574713552131,HIV-2,CCCATTTTCATGAGAAAGTTGTCTCCCGTTGGTGGCGCACCCTAAATAATAGGCCCGGGCCCCCCGTTCTTGCCTCCCCTATGAAATGTGTGTATGGGAT,Non-Responder
P_89N,18694.54000979718,608.1204672561763,0.8872127425763265,HIV-2,ACAGCCATATGCCAAGGTGGGGTGTACAGCGGAGAGTCAACACTGTGCTGCGAACGATGGAACGTAGACGGCTACGCGCTGCTTAGATACCATAGCTAGT,Responder
P_90N,30143.93880137208,666.2528976035776,0.4722149251619493,HIV-2,ATCAGAACATTCCAGCCGCTCTAATTGTTCGTTTCCCACTCCGTCAGCGGAAATGCAAGGGCTTATCTCAGCGACCTCAGCAACTCCTACTGGTATAGCT,Non-Responder
P_91N,78918.50224922554,348.3152879471357,0.1195942459383017,HIV-1,CTGTAAGAGGTGACCACCGCCCTAGCACTTCCCTTAGGTGCATTGCAGTTGCAAAAGTTAAAGGTTAGCATGTACAACCCTATCTCGGAAATACGATGAC,Non-Responder
P_92N,15176.631762826068,989.8019338593915,0.713244787222995,HIV-2,CGTCCCTCGGGGCTAGAACGGGAGGTCGGCCAAACTGCTCTCCTTTTTTTTCTTCCTATTAAGGTGATCCAGCGGGCCTTACGCGGCGATGCTAGGTGCT,Non-Responder
P_93N,37408.50392955743,374.87502856174933,0.7607850486168974,HIV-2,CGCGTCAAGGGCATCGAGTTACTTTTGGCAAATGGCAGCATGGATTGACGTCATCGTATGAGCTGCAACCAGCGAGGCGGGAATAATTCCAGCCAGTTAA,Responder
P_94N,58135.20704093286,313.28999719940316,0.5612771975694962,HIV-1,CATACCGTCCTTGATCTCGAGTCTTTTATTAACCATCGCTGTCATTACTCCCACCGGGTTGAAGTTACACTGGTTAGCAAATATAATTCATCCTACAACT,Non-Responder
P_95N,17076.00668871029,808.7188926954697,0.770967179954561,HIV-2,AGGTAGATTTTCGCTGGATCAGCTCCCGGCGATTCATAACCAACACGACACATTATAAGGTGCACAGATCGGAAAAGAGACCAATCGCGACCTTCCCGAT,Responder
P_96N,27737.681071049883,707.7120984290264,0.49379559636439074,HIV-2,GGTTATTTCACTCAAGTTCGTCACTCCGGAGCGTCCCTCGTCGGAGGAATGTTCTTTTAGCACCATACCTAGCATTGCGGGGTCGCTTAACAGCTTGACC,Non-Responder
P_97N,28094.355257772797,677.0972463486304,0.5227328293819941,HIV-2,TACCCAGACCGGTCGTACGCTGAATAAAAAAAGAGCTATAGACTTCGGCTAGGTACGGCCGGGTTTATGTGCAACGATGACGACGTGTGCTTGATGCGGT,Non-Responder
P_98N,31449.594356482532,668.4232036887109,0.42754101835854963,HIV-2,AAGCACGGACCATTGGTTTAAAGAAGCGCGGAACCAGCTTTCAAACCTCTTACAACCGTGTTTAACTTTACAGGGCGCAACAACGCTACAGACGGGTCCG,Non-Responder
P_99N,58921.489353948105,500.09255810502657,0.02541912674409519,HIV-1,TCGCAACTATTCCTCGAGCATGTACAATGACATGCTAACTTGCTGTGAATTCCGCCCATCAGTGCTCTCGGCTGTTGAATGACTAGGTGCCAGCTGATTT,Non-Responder
P_100N,83703.823789765,331.33826840216415,0.10789142699330445,HIV-1,TCATTTTATCCAATTCAGCGAAACACCTCCTGTCAATATACAACTCACCCGCTAAGAATATGTCCGATCTCTAGATCCGAAACACATCGATCTTGCGATG,Non-Responder
P_101N,56607.69878709383,518.3038302074186,0.03142918568673425,HIV-1,TTCGTGGCTGTAGCCGTAACCTCTGAGGAAGTATGGTGAGGATGTATCCCGCCCTTCACATATATTCGGTCGGCCGGAATGCCGTCGGCTCATGTGCTGA,Non-Responder
P_102N,38848.770258867895,428.20869882395573,0.6364104112637804,HIV-2,GGATCTTCCTGTCTCGTGTTCACTAAGTCAACCACGAGTGCAGCCGAGTGGAGCACATTTGTATACGCCTTTCGGCGCCGAATGTCAGGGATATCCTGCG,Non-Responder
P_103N,32208.984746869733,726.4595447911829,0.3143559810763267,HIV-2,CAGCAATCGTCCGTTGTAGCGAGCCGGAACTTTTCTTGTGCGCGTGGCCTAAGCCTTCTGTATTCCACAGATAGTACCCAAGTTTTAAGTAAAATTACGT,Non-Responder
P_104N,37050.875013065895,521.4455928160426,0.5085706911647028,HIV-2,TTTGCGCTTGCGAGTCCGTAGCTCCCCATGTTTGTGGACGCTCCCTTGGATATCAAATGAGTATGGAGCCATTTCGCGCTTTAAGACCGGTATAAGTTAA,Non-Responder
P_105N,25704.02624704375,425.657208034107,0.907566473926093,HIV-2,AGTCAACTTACAAGTTGTTTCGACAGGGTCGATTCCCTGAGAGCATATGCATGCCCGGGCATGATCACTGCAGATTGAAAATATAACCATACACAGATCG,Responder
P_106N,53760.45312599865,460.6520545842888,0.24929222914887494,HIV-1,AGAAGTTGACGCTGAAGCGGTTATTTCGTCGTTGCCAGACTACCTGCATGGGCGCTTGTAACGCTGCGGCGAAAGAGCTAGTAATCCATCTTATGGTCAA,Non-Responder
P_107N,34286.58714502746,623.6245831586879,0.41038292303562973,HIV-2,AGGAAGGTCAATTGGTTCCGTTGCGGGCGTACTACGCGGGACGTCTAACAACTGCCGTGGTTGGCTATGGGGATAAGAGGGAGATGCCCCCATAGTTTTC,Non-Responder
P_108N,30538.27679255527,462.8102032935099,0.7555511385430487,HIV-2,GTCTCCCAAACGCTTGGGAGGGCTTGTCTACTTCTTGACGTCCAACAATAAGTTCAGGTAGCAAAGTTCGACCTAAGGGCATCCTTGTCTTGCAACAACA,Responder
P_109N,70292.2055287061,358.4357374358759,0.22879816549162246,HIV-1,CACAGTGCCGAAATTCGGCATGCAATTCCAAGACTCGGTCGCGTGCCGATTGGAAATCTTTAATCAGGTGACCCGTGGCATACTAGAAGTGCTAGCGGCA,Non-Responder
P_110N,51009.37179039848,556.4354332812618,0.07697990982879299,HIV-1,GGCTCACCCCGTACACAGTCCGACCGGGTTATGGGGTCCCTCGTATCTCCAAGCTAACTAATATCACTCCCGTTTTTAGACCTGTATCTATCGATCAACT,Non-Responder
P_111N,41378.070196005116,577.9684595131213,0.289751452913768,HIV-1,TCATCTCCTAGCGAGGTTATCATTACATTACCGCACCGCGGCTAACAAGTATATTAGTTATTGTGTTGGCCGTTTACACTTGCCACTGAGCCACGTACGT,Non-Responder
P_112N,64172.18135280581,414.7334936511745,0.16122128725400442,HIV-1,ACCTGAATTGCAACCATTCACTGGTCGTACCGCGGTGACGCTTACTCGAGTCCTAAGGCCGGGTGTTGAACGCGCTGAGCCCCGCACAGTAGTAAGCAAG,Non-Responder
P_113N,21004.70186981768,498.76210411059276,0.9296976523425731,HIV-2,GTTGCAGGCTCCTGCCGGACATGGACTCCACAGGGTTCACGCCCGACGTAGCGACTTTGATCCCGAATACCGCACTGGACCAATACTGCGGGCGCGAACG,Responder
P_114N,20773.301161190757,627.222025427969,0.808120379564417,HIV-2,CGTGTGTCTATTCACGGAGATGTCGCCAAAAAAATAGATGGTGTCCAAAATCTGGGGGCTGACACCAAGATCCGCACCAACTATTGTGTGACCGAGGATT,Responder
P_115N,61005.067759244725,273.7235073515775,0.6334037565104235,HIV-1,CAGTCGCCCGGTCAAAGTGCAGAGACACCGGGCTTCCGGGTTCTGTGGGACCTGAGGTAACGACAGCAGAGTAACGAAAGTGCCGAATTGACCTTCGTAG,Non-Responder
P_116N,38276.4637170968,305.65330414346073,0.8714605901877177,HIV-2,AACGATTGTAGAGCTGCACAGGTTGAAGAGTATCTCTTATGAAATACCTAGGCTTTTTAAAGATTGGCGCATCCCTGGCATGAGGCCGTGTAGTAACAAA,Responder
P_117N,30051.606591538843,436.6783634394243,0.8036720768991145,HIV-2,CCCGAGTTCCTCCTGCGCAGGCGATATAAGACCCCGCACGTAAGGCTAAATCAGCACGTAGAATTCGGTACTCCGCGAATAGCCAGCAGGCTTGGAGAAA,Responder
P_118N,54797.910831343404,475.9675755462341,0.18657005888603584,HIV-1,TAGCACGATGCGCCTTGTTGGGGCCGGAAATCCAACTAGACCAAGGTTGTTAGTATACTCTATCTCGACGAGCAGCGAAACGGCATATACTCTGTTTGGG,Non-Responder
P_119N,17279.113553542644,651.4374129685987,0.8925589984899778,HIV-2,AATAAAACGGCAGGGTCTTCGTGTGAAACATGGGGTGTTGGGTCTCGTGCCTTTTAAGCCGGGAGCGTCCCAACTCATCATGGCGATCTTCACGTTTAGT,Responder
P_120N,21994.926573284156,849.0054675814755,0.5393422419156507,HIV-2,ATGTCTCAAACGGGAGCTGGTGTCCCACGAAACACCAAGACGGCAATATGGGTCCGTTGAGTACACTGGGGGTTGAGCCCCGCAGCGGGTCTAATCGAAA,Non-Responder
P_121N,17339.0587752092,752.2759401568101,0.8074401551640625,HIV-2,AGCCTCTAGAGCAATGAAGCAGTAGCCTATGCTAGATCCTAAAACATTTTACGAGCAGCGTTCCGCTTAGCCCGTCCTCATTTATGGGTTTAGCCTATCG,Responder
P_122N,20053.179846284715,557.6214239996639,0.8960912999234932,HIV-2,AAAGAGGCGCGGATGTTTGTGAGCATTCAAGGTCGGTGATTATCCTAGACTAGGGGAGCGCACAGTCCTAAGCAGATTTGCTTATCGTGGCAAGTGATAC,Responder
P_123N,44170.55844482704,527.9971059166486,0.3180034749718639,HIV-1,ACCGAAGTTACTATGTTGCACCTATGCCGTCTTTGAGGCAGTGCTTATAATAATCGAATGGATCACTCTACAATCGCGAATGCTTTCTCTGAGGTGGGTC,Non-Responder
P_124N,89175.42758953145,310.4993195252059,0.11005192452767676,HIV-1,AGGGCCCCTTGCTACCGGAGTTAACTGGTTCGCGGTCTCGAACATGATCGTTCGATCTCCCGAGACAGTGGGGGAATGGTTCATTCACATCCACCGACCT,Non-Responder
P_125N,48572.152041591646,519.0908890557162,0.22793516254194168,HIV-1,TACTCTCGGAAATCGGATACGGGAATCTTGACTCGGATGTGTCAGCGTGGACTAGAGTGAAGCACCCCAACACCCGTAACGGACACCTCTAAGTATATTC,Non-Responder
P_126N,43364.2162317652,484.979051078598,0.4271077886262563,HIV-1,ATCCACAGCGGTTCAAAATAAGAATCGCCGAACTTGTTTTTTTGATACAAGACAGACTATGTGTGGATACTTTGAAGAGCAGTCGCTTGGTGTAGCTAGT,Non-Responder
P_127N,19837.21723404819,646.3451886598672,0.8180147659224931,HIV-2,CGCCCCCGCGTTTTAGTAGAACAAGACGTGGAGAGTCTTAAATCTTCCGTCGCCGTGTCGACGCGTACATGAGTCTAAAGCAAATATATGGTCCTGTCTG,Responder
P_128N,28349.72897125336,420.62686961516977,0.8607305832563434,HIV-2,TTCACTACTTTGGAAAGATTAAGTCCGGGTAAGTTGTGTTGAGAACTGTCAGGCAATACAGGTCAAAGCATCCAGCTCGTGACTGATCCGTAAAGATGCG,Responder
P_129N,49381.008103552434,604.5645159013536,0.006952130531190703,HIV-1,ATATTCTCATGTTCAGAGTGAGCACGTATCCTTAGCCAGACCTTGCCTAACCGGTCAGTTAGATCATCCGGTACGGAGTACTCCGTTATATCATAGGAAC,Non-Responder
P_130N,22474.11460974128,857.6225128582721,0.5107473025775657,HIV-2,CAATATACCGGGACCCTAAGTTCGATCACACAGAAACTAAGAGACTTTCGTCCAGCGTTTTAGGGCGGTGGCGCTATCCGGACCTATGGTGTCCGACGAG,Non-Responder
P_131N,40836.18316903088,519.9890706235064,0.417411003148779,HIV-1,CCTCCCGTACTAGTGTGTGATACATATGCACATACACCTGGACTGTTCACCGTCCTATTGCCTCTTAGGTATTTACAGCTAACATCGTGCCTATAATCTG,Non-Responder
P_132N,42047.30655157486,602.5531254668614,0.22210781047073025,HIV-1,TTTCTGCGGTCTTTCCTGGCATTTCGCGGCTTTGTGTCACCGGCTGAACACCGCCTGATTGGTGGCGCTTACTCTGAATAGGACAATCATTTGTTGGTAC,Non-Responder
P_133N,42280.27525350101,650.0153350755908,0.1198653673336828,HIV-1,GTTTCAATCAGGCGGGAGTTGTACTGCCGTATTACAAGGTGAAGGGACCGTTCGATTAAGAGACATGAGCTATGAGGGTTGGAGGGGTCCGTCAGGTCCA,Non-Responder
P_134N,50516.4305726934,453.51742276319555,0.33761517140362796,HIV-1,GGGGCGCGCTCTTGCAGCTCGCTCCTGATTGGCTCCTGCTTCAAGACCTGGATTCTATCACTGTTCGTAACCGCGTAAACCTCTATGGCCATGCCTTCCA,Non-Responder
P_135N,15957.98020274572,639.1094667533353,0.9429097039125192,HIV-2,CGTCATATTCTACATGGCAAATTAGGTAGGTTGAGGATAAAATGCTAGGATAGGTCACGCAAGTTGATCGCATACAAGGAGACGAGAGTATATAGTGAGA,Responder
P_136N,43401.375487052785,534.8387733584345,0.32320293202075523,HIV-1,GTCTGGCCACCCTACCCTTAGATCCACTAGTTCTTGCTCTGCCGATTACCGGGAACGCATCAGTTTGTACTTAGTAAGGCTCATAAAGGTAATCAGCCCC,Non-Responder
P_137N,33435.280757060886,571.4142818841029,0.5187906217433661,HIV-2,GCCGGTGTTTTTTGGAGCAGCGTATAATAAGCTGGTATCCTGTCTATGACTGGCTGATGAGGCCTCATACCCACTGTGCTAGAGCTGTGGCGAGGGCTTC,Non-Responder
P_138N,36652.88451933274,415.6999391184245,0.7030189588951778,HIV-2,TGGGACTCCCAGTCGACGAGTGGTTGTTCGATCTTTAAGATCCCTACTTCCGGTGGCGTCGGGAGGTGACGGTGGGGCTCAGACAGACGTCGTAAAGAAT,Responder
P_139N,41317.614390208066,541.2649950897179,0.363629602379294,HIV-1,ACTAGACGAAATGGAGCCACACAAGGAGGTCGATTGAAAAAAAACGTCTTCATAGCTATCGTCGAGATATGCGGGGCGACCATGCCGAAAGCCTTTTTCT,Non-Responder
P_140N,13767.050768637118,696.7778665211861,0.9717820827209607,HIV-2,GAGTTAAGTATTTGGTTTACGTCAATCAGAGAACAAGGATAACAAGGGGATCCTTCACAACAATGCTCGGGGCAAGGATGATATCTGTTGCTCAAGCGGT,Responder
P_141N,11042.188341439689,886.4734510532195,0.9624472949421112,HIV-2,CTCGAACGCTACTAAAGCAATCTCAGTGGGCCGAAGTTCTAGTCTCACGAACTCTTCCTTTCTTTAGTGTTAATTTGTGAGTACACGAAAGTGATAACAG,Responder
P_142N,34465.070151502594,717.0323947995778,0.25178229582536416,HIV-2,ATTGCACTGGATGCTTACACATTAATAATCAAGCATGGGATGCGGCGGCACAAACCACACTCCCAATTGTATTCTGCAGAGCGGTACGAATACTGCCCTA,Non-Responder
P_143N,19949.56403986146,980.3613420915499,0.49724850589238545,HIV-2,GTCCTAACCCGCATTTCCTGGGGATACGGTGTCGGATTGAGTTGCGATTGCTGCGGGTCAATTGGCGCGGGTCAGACTACGATCTGTGGAGTAGCCGAAA,Non-Responder
P_144N,62879.45736202963,376.6183184040671,0.30087830981676966,HIV-1,AAAAAAAGGGGTTCTAGAACTGTCAGAGAACTAGTTAAATCATTGACGAGAGCGGGAACGTGTTGTTGAGCTTTATGTCGCTCCCGAAACGGCCACGCTA,Non-Responder
P_145N,34168.023207670725,702.9481767818825,0.2848404943774676,HIV-2,CCGCACCCTTCTTGATATCTAACGACCATCGTAAAAGGCGAGTTCAGCCGCAGTTGCCTTACATTTTATGCTCTACATGGGGGAGTAAGCTATCATGAAA,Non-Responder
P_146N,54085.29716407407,540.3570958831236,0.036886947354532795,HIV-1,GCGGGCAGCGCGCGTGCGAGGGAAATATGCGTAATTAGGGGAGCCAATGGAAATGTCCGAATCCGCAACGTCGTGCATTGGAGCCCCAAAGATTTGGACT,Non-Responder
P_147N,17217.79551389285,998.9170200415242,0.6095643339798968,HIV-2,GAAGCCCATAGCTCATTACCCAGGCCGCGCGGTTGCTATGGATGAACTTTGACTCCCTCTTTCAACGTTACCGGAGGCCGAGAGCCAGGAGTCCAGATGT,Non-Responder
P_148N,50034.29739271867,388.6082452518558,0.5026790232288615,HIV-1,ACGGTATCACCATCGGAACCGCGCTTGTTACAGAGTATCTCTAATGGCCTACTCACTCGCAAAATCCCCTACCAGGACACCGGCCCGCATTCACAGGCGC,Non-Responder
P_149N,85761.10761041203,337.2035066888438,0.05147875124998935,HIV-1,GAGGCTAACGCGACGATCACAACCCTTTCGGAGCTGGTGCTAGATTGGTATTATTGTGCTCTTCTGCTGCCGTTCATTGAACGGTCTAGCTGAGATGGAG,Non-Responder
P_150N,59189.32832513812,407.9861173348567,0.27864646423661144,HIV-1,TATTTTTCGATCAATTCGTCGCTCTCCATAAAAATCACCGCTTACTTTATCTTACTCCTACGTCCCTGCCATTCACCTACTCCAAACGAGGGTCACCTTT,Non-Responder
P_151N,65802.97864842496,166.04744373470402,0.9082658859666537,HIV-1,TGTCGACGTCGGAGATGGTGGCAGGACAGTTCCGCGTCGACCGAGAGAAGTAACCGGGCGAATGAATATTCACACTTTTAGGCAACTCCAGTCCCAGGTG,Responder
P_152N,59620.084006501755,418.805184730545,0.23956189066697242,HIV-1,TAATGTAGCACTGTCAGTCCACGCATGTTCCACCTGCGCCACATGCATCAAACCGCAGGCGAATATGTCTCGTACGACGGAATGCCCTGTTTGAGTCTAC,Non-Responder
P_153N,74331.29665432098,362.66295489838274,0.1448948720912231,HIV-1,CTAGTATTCCAACAACTATCAACGGCGAGATGTCGAGCCAGTCCAGTGGTACAAGTCGCGTCCAGGGAACGGCCATTCAGCTTCCCCCAACACCTAATAT,Non-Responder
P_154N,34059.88508109111,579.0240333229979,0.489452760277563,HIV-2,CGCGAGCCGGTTAAAAAGTGTTCCTGTAGGTATAGTACGGCAGACTGGAGTCGCATGCTCATTAAGAACTCAGCCTTTGGAATCTACAGTTCTAAGACAG,Non-Responder
P_155N,13946.78956352396,666.916240566492,0.9856504541106007,HIV-2,GAGGATGATCTTATCCGCGCTGCTTGATTAGCCTATGTCAGTCTCAGTGACAAGATGATCGCGCAGGGAACCAAGCCGGGTTACGGCTCATCCACTGGGT,Responder
P_156N,27702.623574352743,899.4396949943273,0.2420552715115004,HIV-2,CCGCAATTCTGGAATTGATGAGGAGTGTCCCGCCGAGTGACGCTACCCCGAACACTTTAAGGTTAGATCCCTACGGTGGTACTGCCCTCAGTTCGCCTAG,Non-Responder
P_157N,20976.084371347428,757.2983223777978,0.6721355474058786,HIV-2,GCACAGAAACAAACGGGTCGGGTCTAGACAAGCATGTGAGATAGGGTCTAATTAAACCTTCGCTCGTATCCGCGTCTAAGCTTCTCCACTCAAGTCTTCA,Non-Responder
P_158N,30396.177522089107,460.78123040039117,0.7616196153287176,HIV-2,ACCCCCTAACATCGGTTGCTGCTAAACTGTAACGCGTCCCAAGTCACGGTGCTTACGAGCTTCATTCCTATCTCTCCACTCGTATAGACGGATTAGCTAC,Responder
P_159N,72685.28239017185,344.0808201295684,0.23763754399239967,HIV-1,AAGGGATAGTCCGTGAATGGCTGAGGAAGACCCAAATACCCTACTGTTGAACGCTACCATCCGGAATTCGTCAAGGACGCATTACAGACTTATCCGTTGA,Non-Responder
P_160N,21912.00363355581,671.2054691624871,0.7282163486118596,HIV-2,TTCCTGTATGTTTATGATTCCCAGCTGTTGAGCGCCGGCTGACTGGTACGACACCACGGAACCATATTAAATGGGACCCAGGAATTGCGTGTTCCTACTA,Responder
P_161N,81679.38127733822,272.7316718677969,0.3677831327192532,HIV-1,CTTGCAGGACTTTCGGGGGATTCAGGGACACTCCCTTGCGTCAGCGAGTTTCGTGAACGACCTAGAAGGTCGGAGGAGATCGAACTGTTTACCCTCTCAT,Non-Responder
P_162N,17989.4305986781,929.5223362302287,0.6323058305935795,HIV-2,TACATTACTTGGATATAGTTAACCATTAGTGCATACGGCCTTTTTGTCCTCAGGTATTCGACGGTATCTTGGCGGGTACTCTCGCACACGCTGGTGGTGG,Non-Responder
P_163N,20889.664286324856,799.2409952203469,0.6335297107608947,HIV-2,GATTAGGTGTATAGCCCTCTGACTGGCGGGTGGGGGTGGAGGTGTCGATCATCAGAAATGGTAGAGTCCGGGTTCTATGATAATAGGTTGTGATCTGACC,Non-Responder
P_164N,40780.95508136384,459.7423379865349,0.5357746840747585,HIV-1,GTTAAGACCAACTGGCGAAAGTAGCCCGGACTGTTAATTTTCTGAGAAAGATTCCCTGCTAGGTTAAAGGCCCGACAAACCACTCAAGGATGAGGACTCA,Non-Responder
P_165N,168891.61672290656,166.40207118726534,0.0902897700544083,HIV-1,GTCCACCGTGTAGTCTCATTGTGTTACTGCACTGGCGTGCGTAGACCTTTTATAGGCCATCACTACTAAAGACAAAAAGTGCTCACGGAATCGTGTGCCT,Non-Responder
P_166N,14583.37667685568,854.3047243920064,0.835302495589238,HIV-2,ATTATTGCAAGTTTAGCGACTGGAGCGAGCCATATCGGCAGAGTGTGGGGGATTGAACCACTACACAGTCGATTCCATGACGAGGAGGTTCTAGCTGAGA,Responder
P_167N,45689.29222986942,509.17003744665004,0.32078006497173583,HIV-1,TTTCCGCTGCGGACGATGTTGTGGCATTAAAAACGACAATTTTGGTTAATTTATTGGAAACTAGCGACGCTTCGGGTAACGCAAGCGACGCTGATGTGAG,Non-Responder
P_168N,34041.499344330965,766.2151134346778,0.18651851039985423,HIV-2,GCAAATTGATGCCACCCGCCGTGTGACTGTTCTGAACGAAGTCACTAGGTACAGAAGGCAGTGCCTCACTCTCGTCATTCGGCCACTCACCTGCACCTGG,Non-Responder
P_169N,157370.32267917742,185.19198239660298,0.040775141554763916,HIV-1,TGCGGCTTGGAGCTTTCACCTCGCTTCGGTAGAAGGAAATTAAATTGCGCCCGTTTTGACTTGCTATCAGACCATCACTTAGGTGTGTCAAGAGTCACAA,Non-Responder
P_170N,40051.629932027434,439.2142897280696,0.5908929431882418,HIV-1,TAATTCCGGCATCGTGAAATGTCGGTCTTGGCAAAGGCGCGAATTCCTCGAATGCTTGATTGTTATGAAACGCTACTCATAACGTTGTCTCTCGTCAAAT,Non-Responder
P_171N,27726.8018351626,568.8051761278649,0.6775643618422824,HIV-2,AAATGAGACTGGTGAGAGCGGATCTACGTTTGAGGAAGATCACTAGGTAGACGTGTTCCTGTACGGCATTAACACGGAAAATTGTACGATCCTACCTCCC,Non-Responder
P_172N,58020.489573681276,511.054901645734,0.016587828927856152,HIV-1,GAGTTATGGTCGTGGATGCTCTCCTAATGTTGTAGGACCAACATAAAACGCCGCTGTCCGCATTAGGTATCAAGACTTGTGCATAGGTAGATACTGTGGT,Non-Responder
P_173N,41730.710908697365,461.19621153407934,0.512093058299281,HIV-1,CCGAAAAGCCGAATAACAAAAGGGAGTTTCACGATACGGCACCTGGATGTCATTACTAGAGTTTCAGAGATACAATTCAAATCAAAACCCTAAAAGCGGT,Non-Responder
P_174N,39003.12988879441,647.2195639892935,0.22649577519793795,HIV-2,AGGTACCAACAGCGTAGGTAGCGGGGAGTGCCGGTTAACGGTTAACTGTTTAGGAAGCTGAGTGACACTAGAATCCCATCGCGCGCCAGGAACCCACACA,Non-Responder
P_175N,46870.9129458666,350.9931931644261,0.6451727904094499,HIV-1,CACTGTGAATAGACCATCGTATTTTAACCGTCCTCGCTAACAGCGCAAGCACCTGCCCGGCGTGTTTAGCTCTCATAAGCCACGCCGGGACCCCACAGGC,Non-Responder
P_176N,53865.88844185926,488.96074589624044,0.17436642900499144,HIV-1,TGAACACAACATAGCCTGATATCGCTAGACATGGGTAGCCCCCAATCCCGAGATGAGGGGGGTCGTATTTGATAAGTTAAACATCAGAGCGCGACTTTAT,Non-Responder
P_177N,26115.201486602105,593.1529001526263,0.690937738102466,HIV-2,TTTATACGCATGTCAGGAAGCCTGAAAAGCTCTAAGAGGGAACTCATGTGATGCCGCCTCTACACGGAAAGAGATTCTATTAAATAGGCTCAGGCAAAAG,Non-Responder
P_178N,34102.053347856636,641.5613014418035,0.3867353463005374,HIV-2,TAACGCACCTCACAATAATATGGGACTGTGGATATTCGACTGACTCTTGAGAATCAAAATGCTTTACTTTAATACATCATGGCCCACATAATGAATCTGA,Non-Responder
P_179N,14033.596099034834,735.9959744914514,0.9367299887367345,HIV-2,AGCGTCAAAGTCCGTCGTTCCTCGTCCGCCCAGGAGCCCGGTAGTAACCTTCCAAGCATACACAGGTTCCCAAATCATGTGTCATGGGTTCAGTCTATGT,Responder
P_180N,93870.62911185934,288.82367604702546,0.13752094414599325,HIV-1,AGTGTGGCAGCGGCCCAAGACTAACCCGACGATGGAACATGTTTATGTATGCTTACCCTGATGCTTTAGGTAAGGACACGAAAATTGGATGCTTTACAGC,Non-Responder
P_181N,100480.57332592156,227.28380095790138,0.3410663510502585,HIV-1,CCTTCGAGTCTGCCCATGAGACATTGCCGTAGCAGAGTGCCTCGTCGCACGGGTAGTCATCGGACTGTTTATAACGTCCCCCTCGAAGTAGGCACTAAGA,Non-Responder
P_182N,36012.098668561135,766.8827165037608,0.11347352124058907,HIV-2,AGAATAACCTGTAAGGCAAAAAAAACTACAGATCGGATTAACCAACTCAACGGATTACTCCCGTGTACTTAGTTGGTGAACTAAACGCCCCTTACCAGTC,Non-Responder
P_183N,16058.457289932365,658.9321642237745,0.9246936182785628,HIV-2,CTGCAGGTGGGGGGGAGTAGCTATACTTAACGAAACGGCGTCAGTCCAACTACCAGTGGTTAAATGTAGAGATCCGTAGGAAATCGGCGTACTACTCCTG,Responder
P_184N,26426.725160279286,438.03662802678735,0.877339353380981,HIV-2,CATGGGCCCTGTTAGACCTTAATGTGACCAACGAGGCGCATTTTTTGGTAAGGTACTGGGCAGTCATTCCCGAGCCCATCGCGAAGCGAGAATCGCCAAG,Responder
P_185N,29404.908727127782,836.0245578760201,0.2579416277151556,HIV-2,TGTAAAGTCTACACCTTCCCATATGATCCTCCGGGAGGGTCTGATGAAACAGTTGCCAGAAGCCTGCGATTTTACATCGAGTGCCCAGGGTAAGAGGGCT,Non-Responder
P_186N,27396.743947976065,589.1333314619897,0.659984046034179,HIV-2,GGAGTCAATTGGAGACTATCGAGTACCGCCGGAAGTTAAGTGACCCGTATTATCACGCGGACCCAGGAAATCGTTCATAACTGTGGAGCTAAGACCAACG,Non-Responder
P_187N,15702.815356091845,817.5816568328869,0.8172222002012158,HIV-2,ATGTTTCCTTCCGTAGAGTACGAGTAAAGCCTTACCATGGGATAGCCCGTGATCTTGTGATTTCGGCGACGAGCGAAAGCGTCTGCTGCAAATGGATAGC,Responder
P_188N,32232.01504665027,569.023777441968,0.5552008115994623,HIV-2,TGCATCTGTGGGACGGTCAATATCTTGACCGTCCTTCTACTCCGAAGGAAGTCACCTTGTAGAAGTCTAAGAGGGATCTACACATAGGTTCTGTGTGCAA,Non-Responder
P_189N,19559.68443243392,965.114642811998,0.5296505783560065,HIV-2,TGAGTGGGCTGTGAAAGTATAACAGGATAACGGGAGAATCCCGTTATATAGTCATTATCAAAAACACCCACACATTCGGTCCCGTCTTAGTAGCCACAAC,Non-Responder
P_190N,28473.0135981564,875.253397578686,0.24185229090045168,HIV-2,GGAACTCCGAGAGGGTGTGATAAATCTCTGCGCTTCGACCGACAATGCCACACGCAACCATTCGCGCACGGCCTCCAGTATGCCCCGACCTTGCCCGGCC,Non-Responder
P_191N,61031.07086356657,459.5174470847752,0.09310276780589921,HIV-1,ATAAAGCCTTACTTCATACCTTCAAGCTCTATGAGCTAATAGACCTGGACTCGTCCAAGCACTCCGTTATGACTCATAATTAGTACTTTCAAAGTGGGGA,Non-Responder
P_192N,14232.09191094031,784.0357659862037,0.8972157579533268,HIV-2,TATCCTGTAACCTGTTAGGTACACAGATCAACACGCCGAAGTCAACCCTGTTCGACGATGTTGAGACCCTCTAGGTTTAACCGCAAAAGGATCGTCCACT,Responder
P_193N,15423.388498559214,719.1169956333626,0.9004180571633305,HIV-2,AGCGAAAATTTCCGGCGCTCCGGCAGCGAGCCACACCGGAGTATATGGCTCATCATCTTCGGCATCTGGGGCTGGTCCCGGGCGATAAGTACCCCTCTTT,Responder
P_194N,19957.158679165463,837.0364572337966,0.6331014572732679,HIV-2,CTTGTCTGAGATAGGCCAACTCTAAGGTTCTAAAGTTGGGATCCTTGGAGTAGTCTTAAGTTACGTATAGCTTGCTGTCGGAATGCCTAGGAGTGGAACT,Non-Responder
P_195N,67113.95446125088,340.9182869888492,0.3390297910487007,HIV-1,GCATCCCGCGCAATGTCCATCCGCTAACCCGCCGTGAGGTTCGTACGATCAGACGGAAGCTACTTCCAAGACGTTCGCATTATATTTATTGTCTTTGAAC,Non-Responder
P_196N,33723.471347765226,672.1312494609539,0.3492095746126609,HIV-2,GTGATGCCCTTTTTGGCGGCCACGTCAGAAGAGATCTTACCCATGGGCGTGCCGCCCAATAGCTGGTTGCGCTGAGCGCATACTTGACCTGCGTTTCCAG,Non-Responder
P_197N,18813.33451151439,784.2804652569414,0.7259556788702394,HIV-2,CAGGTCATATATTTTAAGACCTTTGTGTCTATAAAAGGTTGTTGGTGCAACCTTATATTACCTCTGGGCCACTACACTGGTAGCCGATGAGGCATAGCAA,Responder
P_198N,46900.89847729043,237.96312871063486,0.8971102599525771,HIV-1,GTCATCCCGGTTGTTATCATACTATAATCTGTACCAGCGCATTGTATTAACCTGATTCTTCTTTACCACCCTAGAAAGGCTCCGCCGAAGTCAGACGGGC,Responder
P_199N,32299.278332297716,352.05693989335674,0.8870864242651173,HIV-2,TGTGATTTGGTAGCAAAGTTCTCCTCAAAGCCAGTAGTGTCCGGTGGTTCAGTCAGCAGCGATCAGAATTATTTGTTTTCCTAGAATACCGCCTCAAGGG,Responder
P_200N,80066.55659933842,170.14111903374226,0.7798755458576239,HIV-1,TGAACGATTTCAGAGGATTGTCCGTGCCCACTACTCTTCCACTGATTGCTGGCGGGGGATACACACGAACCTGGTCGCGACAGGTGTTAGAATCTATTTG,Responder
P_201N,32366.509728458903,510.3217977265172,0.6420316461542878,HIV-2,CCTCCGAATAGGTCCGTGAAGCATCAGCCATAAAAAGAGCGTATCTACAAGCCATCTTCTCGCCCGTGTCCGGGGCCAGGTTCAGAACAGCACCTCATGG,Non-Responder
P_202N,43307.39160232891,651.9224476586973,0.08413996499504883,HIV-1,CAGAACCTAGAGTAGGTCTGTCATTTTCGTAATAGGATTAGGTGCGTGGACAGGACTAGGTGGTGGCACCGAAGTCCAGACAATGATGTGCTCCCCCCCA,Non-Responder
P_203N,32579.818893269425,816.6342818286669,0.16162871409461377,HIV-2,TTGTGAACCGTTAGTTGCGGTATTTGGTTACTGCCACTTGTTACACAGAAGTTGGAGGCCTGATTTGGAATGACCTCTGTTGAAAATACCACCGGATTGG,Non-Responder
P_204N,18407.19981245641,604.674374936663,0.8985541885270792,HIV-2,TGACTATTCGTCGGAATACCACCTTCACGGGTACAAAGCTAAGGCTTGCACTGAATACTTATGCTGATGAGACTCCTCCGACTGACCTCTCCTAGTAATG,Responder
P_205N,19478.397697350912,886.3660150802174,0.6064290596595899,HIV-2,CTGACGACGGGAGCACCGCGACGTGTGTCTCCGCATGCTTATGGCCGTTACTTCGTATTAGAACTGTGACATCCTGCGGGCACACAACGGATTCCCTGCC,Non-Responder
P_206N,132534.19139563217,224.89941351868467,0.009197051616629648,HIV-1,CTATCCCGCTAATGTCGTGATTTGAGTGGCCCAACTTTAGACGTAACTAACAGATCTCATGCAACCCATAGCCTCTCCAAGTGAAATCGGTGAGTGGACG,Non-Responder
P_207N,164447.9141391545,169.47066641557228,0.1014715428660321,HIV-1,CACGTGGCGTAACTTAAGCAATTTACGCAGCACATCTCGGCAGGTTAGGAGCCATACGGTTCTACGGGTCTACTGGAAAGTGGGTGAAAAGGGATCCGTG,Non-Responder
P_208N,28936.035611035924,555.2406371314818,0.6635017691080558,HIV-2,TTCTATGCGAATGTTGAAACCTCCGTTGAGATTCCGCTTACATCATACAATCGGATCTCTGGGTTAGATCGGGGGTGGACGATAGAATAATAGCAAACCT,Non-Responder
P_209N,51780.20104796192,577.3192481724833,0.005061583846218687,HIV-1,AAACCTCTGACATCCACACTCTTACTCAAGTGGATGTCACCCTGCTTACACGGCCTGGCACCGTCAACAACAACGTTGCGTTTTCTTCCCTACCGTACCC,Non-Responder
P_210N,52248.95782685,509.54185552293126,0.16080805141749865,HIV-1,CACGTGCGCATTCCTGGGCACCTATGGCCCCGGACTAAGCACGAATGTAAGGATTTACGTGAGACTAGAACTAAGAATTGAAACCGGGACTCATGATCGC,Non-Responder
P_211N,130682.85737962807,141.3849589286833,0.5487337893665861,HIV-1,CCCTCGAATTTCCGAACACTCGCCACGCCTCCCGATTGCACGACATCAACACCGGAAATGCTTACGGTTCCGCATGGACCTAGAGACGTACGCATTAGCC,Non-Responder
P_212N,28057.976996198573,551.3655118667116,0.6918951976926933,HIV-2,TGCAGTGGCCTTTTTAAATACATCTGCTATACACTACCCGCTTTCTCCCGATGTGAAAACTTTCTATTGCAATTAAGTGCTGCGCAATGGCTAGCAAACC,Non-Responder
P_213N,53594.13163978167,304.3022258492894,0.6519612595026005,HIV-1,TCTCTCAACTGCGTGCATAAACTGAGTTGGAGGCAAAGCTCAGCTACCTCACGGTGGCAACGCGGGATAGCCGTAAGGTAAAATTCCCATGGAAGTCAAA,Non-Responder
P_214N,38531.124671022146,656.3614407120638,0.22426930946055978,HIV-2,AATACGCTTTGATATGCGGATCGACGTGACTAGCCATACCCTCCACGACAAGAATCTCACACACCCACATCGGAGAAGGTAGTTACGGGGGGTATGAGAT,Non-Responder
P_215N,23341.13172036655,644.5375713541233,0.7121792213475359,HIV-2,AAAATTCATTTATGAAGCCAAAGTGTTCGGAGTTGCTAATGTTGTTCACAAACGTGGAACCTGGTACTGTTGGCCGCCCGAACACAATCAATACATTGCG,Responder
P_216N,74513.32030070045,335.748951484209,0.23724908749680007,HIV-1,AAGTGCTCGGACCTGGCATACCTTTGGAAGATAGGAGGAGGATTGCTAATCACCGGCTAATGGTTGCGCAACCGTCAGAGTTACCACCAATATTGCACGA,Non-Responder
P_217N,53905.08958708276,429.7665863485881,0.3253996981592677,HIV-1,AGGGACCAAATTTTTGCCTTGTGGAATGTAAAAATTATAAATTGTTTAATTGCAATTCACATCGTGGGAGATTAACCTCCTTTGGAGCTACTCGCGCAGG,Non-Responder
P_218N,39480.22710167873,362.8064361340121,0.7464914051180241,HIV-2,TCAAAGCGATAGGACTTACCATTTCACTCTATGGACACTGACCATCTTTCCAATCTATGTCTTAGCAGGCTAAGAGGAGTGTTTATACTGCCTACTCCTG,Responder
P_219N,29610.600476984146,552.4274704500871,0.6496328990472147,HIV-2,ATTTGGGTTGCCCCGAACTCCATATGAGGCTACAGAACTATGCGATACGAAGTTTGACAGGAGAATGGTTTCGAAAGCGGGGGCTAGGGACACTGCACCT,Non-Responder
P_220N,15679.226439201417,775.9508051496655,0.8492234104941779,HIV-2,GTCGGCCGTCGGACTTCTGGCTGCGCAACAATATAAGCACCGCCAGCAGAGGTTTCAGACTTAAGAGGTATGTTGCCATATAAGCCCGCGTGAATTACCC,Responder
P_221N,43921.38634679516,368.6160799629256,0.6576128923003434,HIV-1,GCACGTGAAGCTGCTCACCAGCTAGAGCCGAAACGGACGGAAGCTGGCGTCTTGTGGCCTGTTCCGAAGAAACTTCCCAGGAACCTCATCTTCTAATGGC,Non-Responder
P_222N,27470.219026065508,657.6401634371161,0.5683086033354716,HIV-2,ACACTCCCCTGACTTTTCATAAAGTTTATTATCGCCCATCCTACTTGCCGTTCCGCCAGTCTCAGGTATACCACGAATATAGGGTTCTGGATCATATAAA,Non-Responder
P_223N,69505.87909940946,403.3159531083211,0.09367476782809248,HIV-1,TCTTGTTCGAAAAAACCCTGGAACGTTCAGTACTATAAAGCAATTGCAGGGACCCAATTTGCATGAGGGCCAGCGTAACAAACGAGCGTAACGACTGTTG,Non-Responder
P_224N,58905.721937781054,378.1970138534745,0.3677158030594335,HIV-1,TGTTTACCTATTGATCCTGGGTCATGGTGATACGGCCCGCTCTTATTCGCAAGTAGCCCTTGACTTACCAGGAAGACGGGCATTTCATGCTGGACGCTTC,Non-Responder
P_225N,48366.78909896922,505.11416477726095,0.26520236768172545,HIV-1,ACCTCCACTCGGAAGCCATCGTTCTATAATGCAACTAACTTATTTGTCTTTAAGAGTCGACACCCGGAGATAAGAGATGGTGACGCATGCTTGCGATCGT,Non-Responder
P_226N,78387.20121909733,317.35049985403356,0.24398964337908358,HIV-1,ACCATCGGATATTGCCAATCTGGTTTTTGGGAGCCTGTTCCTCTTTACTGCGTATTTGATGTATTCGTGCTAAGTCAGAATTTTCCCCGAAGGCTAGTCA,Non-Responder
P_227N,19661.620869031136,486.5711944058081,0.9730105547524456,HIV-2,CGGATTGAGCAAACAGCTGGGCGCATAGCCAGTCCGCGGTGATGATCTCTTATAGCCACCTACGATGCCACACGTGTACGCATGTTATATTGACCCGGTT,Responder
P_228N,72547.43776649238,299.7341939489063,0.3930977246667604,HIV-1,TGAGCATGTAATGACTAGAGGGCGTGGCGACGAAGTTAGAGGAGGGAGTGTGATGGGGACTGACAGCTTATTATCCCTAAGCTGACTCGCGACTCCGGTA,Non-Responder
P_229N,11471.797574865066,982.1496821009893,0.8920465551771133,HIV-2,CGCGCAATACGCTCGGATTCAAAGTCCCATTGGGCCTGCGGTTCTGTGGCCCATCCTTCGGCTGTATTAGGGCATAAAAAACAAGAAGGGTAAAGCAGGG,Responder
P_230N,29370.52020801575,570.166572994072,0.6311386259972629,HIV-2,CGAGTTAACTAATGATGAATTGCCACAAAGTCGCGCCTCGCTCGCTTTTATCCCCAAACGGCTTCTTGCAGCCGTTGCACAACCCATAAAGTAAGATATT,Non-Responder
P_231N,30279.57153661291,439.53602875564775,0.7948113035416484,HIV-2,ACCCTGAGGGGGCCAACTTACTGAAGGAGTATATCTGCATACGGGAGGAACGCTTTTACCATCGAAGTTCGCTCGGGTAAACGTAACCAGGCCGCCGGTC,Responder
P_232N,32786.95437386488,593.0596914573636,0.5026370931051921,HIV-2,CTAGCATGCTCCGTTATTGAGTAGATAAATTAGGTCGACTGCTTAGCAGCTTGACCTGATTTCCGTGCATCTCGATAGGCGCTACCTGCGCGCAAACGTT,Non-Responder
P_233N,33415.90139408834,535.2247785244699,0.5769038846263591,HIV-2,GGGCCCGTGGAGAGAGTCACTGGTCCCCACATGACGAGTCTGTCATCGTATGGGGTTACTAGTTTATTCACCCCGTCATCCAGAGGGCCGGCGCGCAGGA,Non-Responder
P_234N,38920.54830991685,505.05784947524177,0.4925176938188639,HIV-2,TTAGTGGATGGCATGATGTTAACCCGCTATAATTGACGCGATTATAAGGTGCATCACGGTCCGGTATGTAGATAGGATTTTCCACCCACTTAAAGCAAAT,Non-Responder
P_235N,40320.05800552047,642.3576387884895,0.1952429877980445,HIV-1,TGGTGATAAGGGAGTTCTCTTGTGGTAGTATTCTGCCTCCCGGCAAAGGGCCGCACAGACCATAAATCATGGCGTATCATCCAAGGAGAGTCAAATCGGC,Non-Responder
P_236N,20488.527937526367,723.7467535356116,0.7224521152615053,HIV-2,TTTGGTACTGGGGTGCTTTGTACACCGCCACTTCTGTGCGGCCGACCATATAGCACTGCAAGTGGCTGCCTTCTCTTTATACGGGCTAGGGGGAGAGCAA,Responder
P_237N,57121.07533058744,421.97700672198005,0.2807723624408558,HIV-1,AGAGTGACTTGTGACGAGGGCAATTGTAGTCTATATCCTGCATCTTGTTTATATGGCTGGTCAGGAGAACAAAAGAGTTACCGGTGCTAGAGAGCCAGAC,Non-Responder
P_238N,76147.18651021403,387.26794851420937,0.02431596643145384,HIV-1,GTTCAAGCACTAATATTCGGTCTGCGGCGGATGTGTTGGGGCGGGATGGTTCTTACATGCTTGGGCACGCGACAAGCCAGAAAACTCGTACTACTCTGCC,Non-Responder
P_239N,32274.565597739205,509.53689016038794,0.6454722959071678,HIV-2,TGCCAAAAATTTCTCGCGGACGCCTTACTGGAGCGAAGCTCCCGTCTATGAACTAATTAATGTGACTAACTAGCGTGCACAAGCCACTTGGCCCGTAATA,Non-Responder
P_240N,458435.8396096959,57.32683499358792,0.17711067940704894,HIV-1,CTTCCTACGCAACCGCAGCGGAATATAATTTGTGGTTTAATCTTAACATCCGACACACCTTCCAGGGCGATTCAAACATAACGGCCCCATTCCACTATAA,Non-Responder
P_241N,35223.71274308186,291.007645995581,0.9404585843529143,HIV-2,GAACATACTTATGATCCGGGAGATCTCGTTGTACGAAGTCATGGCGCGGATACAGGTCGTTGGCTTTCTAATAACTCTGACCGGAATTGAAGGCGCTGGG,Responder
P_242N,11473.147257397737,868.7677111891637,0.9539285770025874,HIV-2,AGTTCGTGAGACCCATAGGACCGGTTTGTGGATAATGGGTGACTCAAACCGCAAATATATCCATGGGCCTACAGGATGTGCGTCGCCGAATTGCCAACCT,Responder
P_243N,11719.807078460892,920.4799817223015,0.9148643902204485,HIV-2,CATTGGAGGACTTGTGAAATGGTACGGTCAGTCTCGCGCAGAGCGTCTTTTACTAGTTAGGATCACTTGTGGTGTGGTCATGACTGGTGAGAATGAGACT,Responder
P_244N,45620.42718654021,487.20866211426875,0.3701587002554444,HIV-1,TGGCAGCGGGCTGGCATCACCCTTTATCTGATCGTCGCATTTGTCATCGTTACGAAACCTCACGTATATTCTCATGGACCTTGGCGCAAGTGGGTGTGTT,Non-Responder
P_245N,48107.43566562424,616.85705426404,0.015456616528867428,HIV-1,GTCTGTGCCTAGTCTGTGCAACCGCCGTGTTAACGCGCGAAGGGCGTGAGAACGATGGAACGGCCTGGGCATCCTGCTAGAGCGTTGGCCGACTCCCCGC,Non-Responder
P_246N,16036.63662734115,655.0818871674797,0.9283185625877254,HIV-2,GGTCTGCCAGGAGTTTCTGATTCAAGTGATGATTGCCAGAGAAGCAGGGTGGTTCGATTCCCGGGTCTAGTATATTGTTCTGTGCGCCCCCGCCCCCATT,Responder
P_247N,18132.428125450806,1158.5945765227789,0.42818414831731433,HIV-2,AGATCGCCACTAGTGCAGCGTCATTACATTTAGTTCGCTGCACGCGGCCACGTCCGTATGGGGTTTCGCCCACGCGATGCGCTGCGTTTGGCTCGATCTC,Non-Responder
P_248N,11821.203676403577,820.5804641912823,0.9666548190436696,HIV-2,ATTAACACGAGTCCTGCTTTAGTGCATTTCAGGGGGGGAACTATCACAAGTCGAACTCAGCGTTGTGGGTGTGGTGGTACTGCCGGAGCGCTTCTACCGA,Responder
P_249N,17106.42715746933,570.778479412772,0.9636199770892528,HIV-2,TTGCGAGACCGGGATTGGCGCAAAAGGCGCACCGATGGTATCTAATGTCTTTCTGCGCAACCCACAACCCATCTTTGTTACAATACTCGTTGTCTTATTT,Responder
P_250N,30662.152313184626,394.19285742665085,0.8530094554673601,HIV-2,TTGAAGATCCGCGATAGTTTATAATGTTATGTGCGCTAGCGAGGCGCAAGATTAAGTATTGACATCCTCCATGCTAAACGAGTACACTGGGAATGTCAGA,Responder
P_251N,114417.14942247288,208.15562515544406,0.2944488920695857,HIV-1,AACTCCCATCACGTAGCCGATAACGTTGCGTACTTCCAACTGGGACGACCGGTTGGCTCTTAGATCTAGCTTTTTGAAAACCGGGCTCAATGCTTCTGCC,Non-Responder
P_252N,37832.96463341746,579.2025000336371,0.38509772860192526,HIV-2,CTAGGATCGAATCCTATTTAGAGGTCTACCGATAAGCTTCATCCGCAAAACTCTTTGAGCGTCATAGACTAGCTGTAGGAGGGAATAGAGGGAGTCCTCT,Non-Responder
P_253N,27950.469218478913,433.8435180948251,0.8511366715168569,HIV-2,TAGTGGAACGTCACTGTACCGCTGACCGCATTGCGGGGGCTTTCCGTGTACATGCCGAAAACTGTTATAATGTTCACGTCCTTAACTAAGCCCTGAGAAG,Responder
P_254N,94420.40191914269,247.24145859609294,0.31692200515627766,HIV-1,CGAGCCCTGGAGTACGCTGTCGGGACTGGTCTTGAAAAAGATGTACAATCCCTGCTTATGGCTTAATTTAAGCCCCAATGGCTTATGGTAGAAGACCCTG,Non-Responder
P_255N,68210.23109717286,387.6346978201039,0.1694927466860925,HIV-1,GATGAACACATAAAGAACTTGATCCGCTTTACCATCTATGATACGATCTTAATATAGATCAGGGGTGCAGATATTAGCACACACCAATCAGGTGAGGGGA,Non-Responder
P_256N,53944.500513602485,339.37052552295603,0.5568012624583502,HIV-1,CGGTCCGCTCGGTGCTGTTCCATCCAAGCTAGGGGATCGGTTCATAAGAGGCATTTCGGTGGCAACCGCGACGAATACCGCAGAAGTGCAGCCCTAGTAC,Non-Responder
P_257N,11106.620003714876,931.043804430591,0.936154774160781,HIV-2,GTCTCGTGATCTAACGTGGCTACGAGTGATCGTTCCATTAGTTGCTCAGCAGCGTCCATGCGCTCGTCTAGCCCGAGCGCGTGCCGGTAATAACCCGGAG,Responder
P_258N,20623.05453404246,745.9309310573874,0.696029796674973,HIV-2,TTCACAGTTTGGCCAATGGCCAACCGACCTCCGCATGATTCTTCGCGTAGGGGTAGATGAGGTGAATCCTTCCAAACAGAGTCACTATTAGACGAAAAAC,Non-Responder
P_259N,32460.09948917498,555.411588745613,0.570061170089365,HIV-2,TTCCTACAGACTGATGATGCAAGATAATTCTAGAGGAATGAGCAGAACCCTGCTTGGCTGGGGTAGTGTCATTTGCGCAGTAGCGGTTATGGCGAATCGT,Non-Responder
P_260N,34701.58726976731,805.706477155082,0.09717649377076854,HIV-2,TGACCGATCAATTATGCCAATCTAAAAAAGGTGTTGCTATTCACCCTAACGAACTCGGCGTTTGTCTGAGCCGTTATCTGGACGCTAATGCCCGTCGCGT,Non-Responder
P_261N,29611.103555356072,576.9743841994406,0.6150072266991697,HIV-2,GGTTGATTGGGAGCGGACTGCAGAAACATGGTGTCACTACAACGTCCGTCATGCATCTAATAATTGCGGGGCTAATTTAGGGCGCACTTAGATGTAGATG,Non-Responder
P_262N,21579.145989397668,426.7485447447736,0.9900538501042633,HIV-2,ACACGGGCAGCTAGTAACATTTGGGCGATCCGATCTATGTCGGGGCAAGACAACAGGCGGGGGACTCCCACCAGTGCGATGCTCGGCTTTGGCCAAACTA,Responder
P_263N,33052.94131593235,818.6332169775839,0.14008401523652403,HIV-2,GGAGAAAACCCCAAAACGCAAGAGAGTTTTAAATGGTATCGTTTTAGCATTTTGTCAGTCAAGATTCCAGTTGAGCTCTGGAGGAATGATTCACTGAATA,Non-Responder
P_264N,28979.143977309282,659.6149739733054,0.5183296523637367,HIV-2,GCTTATCCAAACCGTATTGCTAACCCACGGAGTCGCGCATCTCATGTCTATTTGTCCTTGACGCCTCAAAGAACGTGGTTTCCCATCCGCTTAAGATAAC,Non-Responder
P_265N,30437.886986349793,380.28807632750426,0.8773730719279554,HIV-2,AGCAAGTGCCCCACCCGTTTGGAGAGTTCTTTGTACGAGTGGCGGCGGAAGGTATGTTCCGAGACATTCGAGACTTAGCCGTGTACAGGAGGGCCTCAAC,Responder
P_266N,26947.03937351478,536.0091261586988,0.7407686177542044,HIV-2,ACCCGAAGATAATCCCGTTGTACTTCGCGGACTGACGATGGCTTGATTATTCAGCTCTTTATTAATAGGTCACGTGAATAAACTTTAAATCGTTCGGAGA,Responder
P_267N,38934.43734977196,394.57792342257534,0.697015740995268,HIV-2,GAATAGGAATGAGACGCTGAACGGGTGTAGCGCGAAACGTAATTCACACCTGGGATTTACCGGAAGCCTGGCTGCCCTTCTCTTAGGTCGTGCTCGACTT,Non-Responder
P_268N,51918.39720820776,293.68846220584373,0.7024840839871093,HIV-1,TATCGTGCGGTACCTGCGATAGGTGTTACCGCGCAAGGCTATCTCGTATGGGTGGTTCTGAGGGTAGTCACTCGCATCGCCTTATCGATCCAATTGAACG,Responder
P_269N,31130.289051789132,721.1846246283038,0.35949115121975517,HIV-2,AATTGCAGTCGCGCCACTACTTGAAGGTATTCAAGAATATTATGTAGGACTTCGCACGAAATTACTGTCTCCTCCGAATCTTACTTAAATCAACTTCAGA,Non-Responder
P_270N,26156.12303306589,911.2425125204754,0.29359184426449336,HIV-2,CCAGGAAGTTGGTAACTGCATCAGAATGTGCATGTAACGGCCGGTGTTTTACCGCCATTTCCGAAGGGTTTTGGGTTCGAACTGTTAAGGTTCTCTTTGG,Non-Responder
P_271N,43168.79178755473,301.22260078402314,0.8093611554785136,HIV-1,GAGACTACAATCCGTTAAAATGAATTTGGGTTACGCGGCCGTAGATTAGAGCGCCACAATATTAGGACACGCACTTAAAGGGTATCCAAGATTTAACCAT,Responder
P_272N,18724.80044669737,693.6051868060323,0.8101133946791808,HIV-2,GCGGGATTTGCGGCTTTGGATGAGGTCGGGTGATATGGAATTCCCGAACCTCATCGCGCTGGTGTCTTCTAGCTAACGCTGGCCGCGCGTACGAAACCTC,Responder
P_273N,25825.735725485392,456.5787180336449,0.8670723185801037,HIV-2,CAATAGGTCCTGTGGATTGGAGGCTAAGTCAGTCTAGGAATATGCGGCCCGAGATGCGCCTTTCGGCACTACTAATACCCAATTACAGCGTAGAGACTCT,Responder
P_274N,21911.25891598654,493.8989785027079,0.9132405525564713,HIV-2,TTCGAAATGAGTTCGGGCAATCGTTAATCTGGTGGACAACAGTTCTTTTAGGTCATTAATCAATCCTTTCATGGTGAAGCTCAGTGGCCGATGGGGCCAT,Responder
P_275N,44519.97403387484,432.65545503831993,0.5113423988609378,HIV-1,AAAAGTGTAACCGTCCTGCAGAGTTTTCACGGAACTCCGCATGAGCCAAGTGCAGGAACTAAGTCATTGCTCTATGTATATGATAAGGAATTCCCTACTT,Non-Responder
P_276N,51591.30384073762,377.35347553275676,0.5015162946871996,HIV-1,TGTCGGCATTCTGGCGATCCTACTACGCTTTGGATCGAACCTACCGTTACTACACTAACTAAAATGTATTCCAGCTAGCAGAGCTTCCCGGGGGGGCGAG,Non-Responder
P_277N,22451.30010423237,589.5338434856429,0.7982951789667752,HIV-2,GCGATAGTTTGAGTGTTTGGTCATTTTTCGCTTTGAACCATGCGTTCAAATTGGGTATGGGGCGTCATTATCACGACGCCTGTGGTTTGGGGGGCTGCAC,Responder
P_278N,40999.23845762155,398.80636979556897,0.6499639307777652,HIV-1,TGTCTGGGTATATCCTTTCAGATCGATCCAACTTGGCGAACGGGGAGGCTACCCATAGTAAGATCAATACGGGCGTTCCCACCCCAGTTTGTGGAAAAAT,Non-Responder
P_279N,24441.754903291036,624.288052881738,0.7019668772577033,HIV-2,AACGCGGGACCCCTACACTGCCGCACAACGATAGCGACTTAATCGCGGTTCGCATTGTCGGACGTTGTGGGTTCATGTTGCGCTGTGTTTGCTGGTTCTC,Responder
P_280N,23332.073041502405,569.5316450537828,0.795792669436101,HIV-2,CGCAAGTCCAATAAAATCCCCCGGAGCACCACGATTTCCCCATGATTAAAGTGGGGGAGCATTAGATTACCCTCCAGGAGCTCAGAATGTCAAGAACGCT,Responder
P_281N,20897.375317827307,541.2109248084747,0.8900053418175663,HIV-2,ATCTACAGCTATGCAGTCGGACGCTCACCTATTTAACATAGAATCCTCGGCTTCACGGAGTAAATGCGCACGTGTTTCAAATCCCGCCCATGACTTTTCG,Responder
P_282N,65009.82379495295,352.28678327683394,0.3379951568515358,HIV-1,TAAAATATTCTCCCTAGCTATCGCTCGAACTTAGCCATCTTATGAACTGAATACTCGGTGACAAGCTTTCGGCGCCTTACTTTGTGTGGTCAACTCTTTC,Non-Responder
P_283N,52374.578326650255,422.20402915032787,0.375582952639944,HIV-1,ACTTCGAGATACGCGTTTCTGGGCATTAAGGTTATACACTATATTCGTTGACCCATACGCTAACTTGCGAATGTCTAATCGAACTAACTCCTAGGGCAAA,Non-Responder
P_284N,42433.57915907284,660.4764391492381,0.093981939840869,HIV-1,GGTTACCCTTTAGCGTAGTGTGCGGCGTTTTCCCGTGTGCTCGCCCAGGTTTCGCGCTCATAATAAGCACATTGCGTCAAGTCCCATATAGCTAAAGACG,Non-Responder
P_285N,27136.483711639525,658.0114516244935,0.578280140996174,HIV-2,GGGCGCCGATTAACGTTAGTTCCATTCCGTTACCCTGTAATCATAAGGTCGGCATTACCGCTTTCATTAGCTCTTGAAAGGACCGCATCAAACTCAAAGC,Non-Responder
P_286N,94926.35203341993,308.08317841996393,0.035942273796742086,HIV-1,CCTAACGTGGAGTCTCTAGACAGAAGACGCATTGTTTGCTGCGTTAAACGCAATCTTGATTAAGGTTTCGTAGGTCTCCATCGTCGAATTTTTCGTGCCC,Non-Responder
P_287N,35701.807885311566,566.4262628990913,0.46559801813246016,HIV-2,GGAGGGGAACCTGGTAATCCGCATTTCTTCAGACTGAGAACATCGCAGTCAGTTCGAGTGCGGCGCCCTGCAATCCTGCCACTATTCGCGATTCGTTGGT,Non-Responder
P_288N,26406.467783089294,704.5418881451154,0.5426446347075766,HIV-2,CATTAAACTAGTCGCAAAGATATGCCTGTAAACTGTTTAATACACCTTAGTCCACTAAGAGTCTAGCATAGTAGAGATTTTTCATCCAGAAGGTCGAAAG,Non-Responder
P_289N,123131.15889094184,194.7730689885541,0.2865412521282844,HIV-1,CCTATACTACGAGACTGGCAGAGATTTTCTAAAGTAAAGGGAGTGGACAATACCAATCGTGACGCGTACACGGAGAATATCGGGATTTAGGTAGACCACG,Non-Responder
P_290N,26345.72848449848,667.7553645328882,0.5908332605690108,HIV-2,TTCCCGCATTTACAAGGTGTATTCTGATATGCCATGACAATGCCGTGGTTCCTACTTAGTAACTCGGCCTTTGCACATTCAGTTCCGCGAGATCTGGGAT,Non-Responder
P_291N,79237.49572423153,370.52527320473564,0.03050024993904943,HIV-1,TTTTCAGGGTAAGGTCTGAAACGCAGCAAGGTGATTGACAAGCTCGAACCGAGTCACATTCGATCTCACATAAGTAGGACACATGAAACTTAGGACGTGG,Non-Responder
P_292N,47285.70488576721,617.8545525935533,0.03734818874921442,HIV-1,TTAGATTGCTATTCGTCTTTTAAGCCGACACAGACCCTTCGCGCCGATCCGTTACTACCCTAAGAACTGTAAATGGCGCAGCCTAGGGCGGGAACTGGCG,Non-Responder
P_293N,29620.913876430925,429.6082247574625,0.8226005606596583,HIV-2,TCCTAGTCGAGTCCCGTTGGACGCATCGGACTTGAGGGGAGCGGTTAACGTCCATGAGCTTGTTAAGAGACAGATCACCCCTTGGGGCCCTTCCCCTAGG,Responder
P_294N,128174.46090056527,175.04264400822248,0.3601906414112629,HIV-1,ACGCTGAATGTAACTAGGATTGGGTAGAGGGCTGGTACTACAGCCCAAGTCGCTGTGGGGACAAAGGTCTTCCTTTGCCAGGCATCCGCGGATGGAATTG,Non-Responder
P_295N,146004.72728257685,187.19756368855593,0.12706051265188478,HIV-1,GTTGACTGATCGGGGTACGTGCGAGTGATATAAGAATTTAGCTAGATTGATTCCTCCTAAAGAGGCGGGGCTGTAATTACCGCTGGCTGTAGTGGGGTTT,Non-Responder
P_296N,33875.920156222914,561.8413153377568,0.5222432600548044,HIV-2,ATTCAAGACGCAATTCGATTAAGTGGAGACGTTCCGTTACTAAACTTTAGGACCTGCGGCATTCACCGGTGGACCAGGCTCTGTTTTTCAGCACACGGTA,Non-Responder
P_297N,21989.459409766558,628.9438556541575,0.7699935530986108,HIV-2,CAGCATCCAAGAGTGCATTTCAAAGTTCTATCGGAATTCACGTATAGCATACGTGGCAAAATGAGTTTGAGACAAATCACGGTGCCCCCTAGCGTTATAC,Responder
P_298N,74747.15245321034,340.71877772880265,0.21582102749684318,HIV-1,TAAACGATCCTACTATCGGCCCGAGTCTTTGGATTGTGCCTAGCCTGTGAGCTGCTTACGCTAGAACTTGAAACTAATGCCCTCACTCCGTTGCATGCTC,Non-Responder
P_299N,24520.456724355314,690.0075393373749,0.6228904758190003,HIV-2,CGTGATAGTTATGAGTGTGGCTCCAAGTACTGGAAAGCAGTGTTCATAGAGTCTGTCAGACTCGGTGCGACCGTTTGGGCCGTATCCTTCCGAGGTTAGG,Non-Responder
P_300N,160061.20264944542,176.23073404558482,0.085347464993768,HIV-1,GAGGCGACTGAAGGTTTTTTCCACGGGACGCGTCCGCTGTGCGAGCTTAGGTTCATGTCGCCGAGGCATGTGAGCGCTTTGATGCAAATTTTCGAGAAAT,Non-Responder
